<?xml version="1.0" encoding="utf-8"?>
<!--
- phpMyAdmin XML Dump
- version 4.9.1
- https://www.phpmyadmin.net
-
- Host: localhost
- Erstellungszeit: 07. Jan 2020 um 20:59
- Server-Version: 10.4.8-MariaDB
- PHP-Version: 7.3.11
-->

<pma_xml_export version="1.0">
    <!--
    - Datenbank: 'AllgoldMolkerei'
    -->
    <database name="AllgoldMolkerei">
        <!-- Tabelle product -->
        <table name="product">
            <column name="produktID">1</column>
            <column name="name">Vollmilch</column>
            <column name="preis">3.50</column>
            <column name="menge">1L</column>
        </table>
        <table name="product">
            <column name="produktID">2</column>
            <column name="name">Bergkäse</column>
            <column name="preis">1.20</column>
            <column name="menge">100g</column>
        </table>
        <table name="product">
            <column name="produktID">3</column>
            <column name="name">Joghurt</column>
            <column name="preis">1.99</column>
            <column name="menge">500g</column>
        </table>
        <table name="product">
            <column name="produktID">4</column>
            <column name="name">Frischkäse</column>
            <column name="preis">1.19</column>
            <column name="menge">175g</column>
        </table>
        <table name="product">
            <column name="produktID">5</column>
            <column name="name">Emmentaler</column>
            <column name="preis">3.95</column>
            <column name="menge">100g</column>
        </table>
        <table name="product">
            <column name="produktID">6</column>
            <column name="name">Quark</column>
            <column name="preis">0.99</column>
            <column name="menge">150g</column>
        </table>
        <table name="product">
            <column name="produktID">7</column>
            <column name="name">Buttermilch</column>
            <column name="preis">3.89</column>
            <column name="menge">1L</column>
        </table>
    </database>
</pma_xml_export>